"Path","LineNumber","Pattern","Line"
"C:\tac-saas\tac-cargo\app\(dashboard)\dashboard\_components\overview-cards.tsx","21","bg-\[[^\]]+\]","            <div className=""absolute inset-0 bg-[url('https://images.unsplash.com/photo-1451187580459-43490279c0fa?ixlib=rb-4.0.3&auto=format&fit=crop&w=1000&q=80')] bg-cover bg-center opacity-40 mix-blend-lighten grayscale group-hover:grayscale-0 transition-all duration-700""></div>"
"C:\tac-saas\tac-cargo\app\(dashboard)\dashboard\_components\overview-cards.tsx","122","text-\[[^\]]+\]","                <div className=""text-[10px] text-muted-foreground mt-1 text-right"">70% Capacity</div>"
"C:\tac-saas\tac-cargo\app\(dashboard)\dashboard\_components\overview-cards.tsx","138","text-\[[^\]]+\]","                    <span className=""text-[10px] text-muted-foreground font-mono"">2m ago</span>"
"C:\tac-saas\tac-cargo\app\(dashboard)\dashboard\_components\overview-cards.tsx","141","text-\[[^\]]+\]","                    <div className=""w-6 h-6 rounded-full bg-blue-500/10 border border-blue-500/20 flex items-center justify-center text-[10px] text-blue-400 font-mono"">SYS</div>"
"C:\tac-saas\tac-cargo\app\(dashboard)\dashboard\_components\overview-cards.tsx","145","text-\[[^\]]+\]","                    <span className=""text-[10px] text-muted-foreground font-mono"">5m ago</span>"
"C:\tac-saas\tac-cargo\app\(dashboard)\dashboard\_components\overview-client.tsx","142","text-\[[^\]]+\]","                                            <div className=""text-[10px] text-muted-foreground"">"
"C:\tac-saas\tac-cargo\app\(dashboard)\dashboard\_components\overview-client.tsx","231","text-\[[^\]]+\]","                <div className=""text-[10px] text-muted-foreground mt-1"">{subtitle}</div>"
"C:\tac-saas\tac-cargo\app\(dashboard)\dashboard\_components\overview-client.tsx","254","text-\[[^\]]+\]","            <div className=""text-[10px] text-muted-foreground uppercase tracking-wider"">{label}</div>"
"C:\tac-saas\tac-cargo\app\(dashboard)\dashboard\_components\v2-header.tsx","24","text-\[[^\]]+\]","                        <span className=""text-[9px] border border-border rounded px-1 py-0.5 text-muted-foreground font-mono flex items-center justify-center"">"
"C:\tac-saas\tac-cargo\app\(dashboard)\dashboard\_components\v2-header.tsx","27","text-\[[^\]]+\]","                        <span className=""text-[9px] border border-border rounded px-1 py-0.5 text-muted-foreground font-mono"">"
"C:\tac-saas\tac-cargo\app\(dashboard)\dashboard\_components\v2-sidebar.tsx","50","text-\[[^\]]+\]","                <span className=""ml-auto text-[9px] bg-muted text-muted-foreground px-1.5 py-0.5 rounded border border-border group-hover:border-primary/40 transition-colors"">"
"C:\tac-saas\tac-cargo\app\(dashboard)\dashboard\_components\v2-sidebar.tsx","83","text-\[[^\]]+\]","                        <span className=""text-[9px] text-muted-foreground font-mono mt-0.5 tracking-widest"">"
"C:\tac-saas\tac-cargo\app\(dashboard)\dashboard\_components\v2-sidebar.tsx","94","text-\[[^\]]+\]","                    <h3 className=""px-3 text-[10px] uppercase tracking-widest text-muted-foreground font-bold mb-2"">"
"C:\tac-saas\tac-cargo\app\(dashboard)\dashboard\_components\v2-sidebar.tsx","113","text-\[[^\]]+\]","                    <h3 className=""px-3 text-[10px] uppercase tracking-widest text-muted-foreground font-bold mb-2"">"
"C:\tac-saas\tac-cargo\app\(dashboard)\dashboard\_components\v2-sidebar.tsx","165","text-\[[^\]]+\]","                    <h3 className=""px-3 text-[10px] uppercase tracking-widest text-muted-foreground font-bold mb-2"">"
"C:\tac-saas\tac-cargo\app\(dashboard)\dashboard\_components\v2-sidebar.tsx","188","text-\[[^\]]+\]","                    <h3 className=""px-3 text-[10px] uppercase tracking-widest text-muted-foreground font-bold mb-2"">"
"C:\tac-saas\tac-cargo\app\(dashboard)\dashboard\_components\v2-sidebar.tsx","234","text-\[[^\]]+\]","                        <span className=""text-[10px] text-muted-foreground truncate"">"
"C:\tac-saas\tac-cargo\app\(dashboard)\dashboard\analytics\_components\analytics-client.tsx","59","text-white","                    color=""text-white"" "
"C:\tac-saas\tac-cargo\app\(dashboard)\dashboard\analytics\_components\analytics-client.tsx","119","text-\[[^\]]+\]","                                        <div className=""absolute -top-8 left-1/2 -translate-x-1/2 hidden group-hover:block bg-card border border-border px-2 py-1 rounded text-[10px] text-foreground whitespace-nowrap z-10"">"
"C:\tac-saas\tac-cargo\app\(dashboard)\dashboard\analytics\_components\analytics-client.tsx","129","text-\[[^\]]+\]","                    <div className=""flex justify-between text-[10px] text-muted-foreground mt-2"">"
"C:\tac-saas\tac-cargo\app\(dashboard)\dashboard\analytics\_components\analytics-client.tsx","152","text-\[[^\]]+\]","                                        <div className=""absolute -top-8 left-1/2 -translate-x-1/2 hidden group-hover:block bg-card border border-border px-2 py-1 rounded text-[10px] text-foreground whitespace-nowrap z-10"">"
"C:\tac-saas\tac-cargo\app\(dashboard)\dashboard\analytics\_components\analytics-client.tsx","162","text-\[[^\]]+\]","                    <div className=""flex justify-between text-[10px] text-muted-foreground mt-2"">"
"C:\tac-saas\tac-cargo\app\(dashboard)\dashboard\analytics\_components\analytics-client.tsx","220","text-\[[^\]]+\]","            <div className=""text-[10px] text-muted-foreground uppercase tracking-wider mt-1"">{label}</div>"
"C:\tac-saas\tac-cargo\app\(dashboard)\dashboard\analytics\_components\analytics-client.tsx","261","text-\[[^\]]+\]","            <div className=""flex justify-between text-[10px] text-muted-foreground mt-1"">"
"C:\tac-saas\tac-cargo\app\(dashboard)\dashboard\customers\_components\customers-client.tsx","99","text-white","                <StatCard label=""Total Customers"" value={stats.total} color=""text-white"" />"
"C:\tac-saas\tac-cargo\app\(dashboard)\dashboard\customers\_components\customers-client.tsx","233","text-\[[^\]]+\]","            <div className=""text-[10px] text-muted-foreground uppercase tracking-wider mt-1"">{label}</div>"
"C:\tac-saas\tac-cargo\app\(dashboard)\dashboard\exceptions\_components\exceptions-client.tsx","87","text-\[[^\]]+\]","                            <div className=""text-[10px] text-muted-foreground uppercase"">Failed Deliveries</div>"
"C:\tac-saas\tac-cargo\app\(dashboard)\dashboard\exceptions\_components\exceptions-client.tsx","98","text-\[[^\]]+\]","                            <div className=""text-[10px] text-muted-foreground uppercase"">Delayed Shipments</div>"
"C:\tac-saas\tac-cargo\app\(dashboard)\dashboard\exceptions\_components\exceptions-client.tsx","109","text-\[[^\]]+\]","                            <div className=""text-[10px] text-muted-foreground uppercase"">Total Exceptions</div>"
"C:\tac-saas\tac-cargo\app\(dashboard)\dashboard\exceptions\_components\exceptions-client.tsx","149","text-\[[^\]]+\]","                                            ""text-[10px] font-mono px-1 rounded"","
"C:\tac-saas\tac-cargo\app\(dashboard)\dashboard\exceptions\_components\exceptions-client.tsx","156","text-\[[^\]]+\]","                                            ""text-[10px]"","
"C:\tac-saas\tac-cargo\app\(dashboard)\dashboard\exceptions\_components\exceptions-client.tsx","206","text-\[[^\]]+\]","                                    <div className=""text-[10px] uppercase text-muted-foreground font-bold tracking-wider mb-1"">"
"C:\tac-saas\tac-cargo\app\(dashboard)\dashboard\exceptions\_components\exceptions-client.tsx","213","text-\[[^\]]+\]","                                    <div className=""text-[10px] uppercase text-muted-foreground font-bold tracking-wider mb-1"">"
"C:\tac-saas\tac-cargo\app\(dashboard)\dashboard\exceptions\_components\exceptions-client.tsx","225","text-\[[^\]]+\]","                                <div className=""text-[10px] uppercase text-muted-foreground font-bold tracking-wider mb-2"">"
"C:\tac-saas\tac-cargo\app\(dashboard)\dashboard\inventory\_components\inventory-client.tsx","140","text-white","                    color=""text-white"""
"C:\tac-saas\tac-cargo\app\(dashboard)\dashboard\inventory\_components\inventory-client.tsx","221","text-\[[^\]]+\]","                    ""text-[10px] px-2 py-1 rounded capitalize"","
"C:\tac-saas\tac-cargo\app\(dashboard)\dashboard\inventory\_components\inventory-client.tsx","239","text-\[[^\]]+\]","                    <span className=""text-primary text-[10px]"">"
"C:\tac-saas\tac-cargo\app\(dashboard)\dashboard\inventory\_components\inventory-client.tsx","243","text-\[[^\]]+\]","                    <span className=""text-amber-400 text-[10px]"">Not in manifest</span>"
"C:\tac-saas\tac-cargo\app\(dashboard)\dashboard\inventory\_components\inventory-client.tsx","274","text-\[[^\]]+\]","                    <div className=""text-[10px] text-muted-foreground uppercase tracking-wider"">{label}</div>"
"C:\tac-saas\tac-cargo\app\(dashboard)\dashboard\invoices\_components\invoices-client.tsx","337","text-\[[^\]]+\]","                ""text-[9px] px-1.5 py-0.5 rounded border"","
"C:\tac-saas\tac-cargo\app\(dashboard)\dashboard\invoices\_components\invoices-client.tsx","358","bg-white","        <div className=""bg-white rounded-lg shadow-2xl p-8 text-zinc-900"">"
"C:\tac-saas\tac-cargo\app\(dashboard)\dashboard\manifests\_components\manifests-client.tsx","182","text-\[[^\]]+\]","                        <span className=""text-[10px] font-mono bg-muted px-2 py-0.5 rounded text-muted-foreground"">"
"C:\tac-saas\tac-cargo\app\(dashboard)\dashboard\manifests\_components\manifests-client.tsx","210","text-\[[^\]]+\]","                        <span className=""text-[10px] font-mono bg-muted px-2 py-0.5 rounded text-muted-foreground"">"
"C:\tac-saas\tac-cargo\app\(dashboard)\dashboard\manifests\_components\manifests-client.tsx","238","text-\[[^\]]+\]","                        <span className=""text-[10px] font-mono bg-amber-500/10 px-2 py-0.5 rounded text-amber-400"">"
"C:\tac-saas\tac-cargo\app\(dashboard)\dashboard\manifests\_components\manifests-client.tsx","266","text-\[[^\]]+\]","                        <span className=""text-[10px] font-mono bg-primary/10 px-2 py-0.5 rounded text-primary"">"
"C:\tac-saas\tac-cargo\app\(dashboard)\dashboard\manifests\_components\manifests-client.tsx","317","text-\[[^\]]+\]","                    ""font-mono text-[10px] px-1.5 py-0.5 rounded border"","
"C:\tac-saas\tac-cargo\app\(dashboard)\dashboard\manifests\_components\manifests-client.tsx","351","text-\[[^\]]+\]","            <div className=""flex gap-3 text-[10px] text-muted-foreground border-t border-border pt-2 mt-2"">"
"C:\tac-saas\tac-cargo\app\(dashboard)\dashboard\manifests\_components\manifests-client.tsx","365","text-\[[^\]]+\]","                <span className=""text-[10px] text-muted-foreground"">{status.label}</span>"
"C:\tac-saas\tac-cargo\app\(dashboard)\dashboard\manifests\_components\manifests-client.tsx","385","text-\[[^\]]+\]","                <span className=""font-mono text-[10px] text-muted-foreground bg-muted px-1.5 py-0.5 rounded border border-border"">"
"C:\tac-saas\tac-cargo\app\(dashboard)\dashboard\manifests\_components\manifests-client.tsx","412","text-\[[^\]]+\]","            <div className=""text-[10px] text-muted-foreground"">{shipment.consignee_city || ""—""}</div>"
"C:\tac-saas\tac-cargo\app\(dashboard)\dashboard\manifests\_components\manifests-client.tsx","414","text-\[[^\]]+\]","            <div className=""flex gap-3 text-[10px] text-muted-foreground border-t border-border pt-2 mt-2"">"
"C:\tac-saas\tac-cargo\app\(dashboard)\dashboard\payments\_components\payments-client.tsx","167","text-\[[^\]]+\]","                                                <div className=""text-[10px] text-muted-foreground"">"
"C:\tac-saas\tac-cargo\app\(dashboard)\dashboard\payments\_components\payments-client.tsx","235","text-\[[^\]]+\]","                                                <div className=""text-[10px] text-muted-foreground"">"
"C:\tac-saas\tac-cargo\app\(dashboard)\dashboard\routes\_components\routes-client.tsx","93","text-\[[^\]]+\]","                        <span className=""text-[10px] text-muted-foreground ml-auto"">{manifests.length}</span>"
"C:\tac-saas\tac-cargo\app\(dashboard)\dashboard\routes\_components\routes-client.tsx","118","text-\[[^\]]+\]","                                            ""text-[10px] px-1.5 py-0.5 rounded"","
"C:\tac-saas\tac-cargo\app\(dashboard)\dashboard\routes\_components\routes-client.tsx","132","text-\[[^\]]+\]","                                        <div className=""text-[10px] text-muted-foreground mt-1"">"
"C:\tac-saas\tac-cargo\app\(dashboard)\dashboard\routes\_components\routes-client.tsx","155","text-\[[^\]]+\]","                                <div className=""text-[10px] text-muted-foreground uppercase font-semibold"">Origin</div>"
"C:\tac-saas\tac-cargo\app\(dashboard)\dashboard\routes\_components\routes-client.tsx","158","text-\[[^\]]+\]","                                    <div className=""text-[10px] font-mono text-muted-foreground mt-0.5"">"
"C:\tac-saas\tac-cargo\app\(dashboard)\dashboard\routes\_components\routes-client.tsx","166","text-\[[^\]]+\]","                                <div className=""text-[10px] text-muted-foreground uppercase font-semibold"">In Transit</div>"
"C:\tac-saas\tac-cargo\app\(dashboard)\dashboard\routes\_components\routes-client.tsx","168","text-\[[^\]]+\]","                                <div className=""text-[10px] font-mono text-primary mt-0.5"">"
"C:\tac-saas\tac-cargo\app\(dashboard)\dashboard\routes\_components\routes-client.tsx","175","text-\[[^\]]+\]","                                <div className=""text-[10px] text-muted-foreground uppercase font-semibold"">Destination</div>"
"C:\tac-saas\tac-cargo\app\(dashboard)\dashboard\routes\_components\routes-client.tsx","178","text-\[[^\]]+\]","                                    <div className=""text-[10px] font-mono text-muted-foreground mt-0.5"">"
"C:\tac-saas\tac-cargo\app\(dashboard)\dashboard\scanning\_components\scanner-client.tsx","195","text-white","                                            ? `${config.color} text-white shadow-lg`"
"C:\tac-saas\tac-cargo\app\(dashboard)\dashboard\scanning\_components\scanner-client.tsx","323","text-\[[^\]]+\]","                                    <span className=""text-[10px] text-muted-foreground"">"
"C:\tac-saas\tac-cargo\app\(dashboard)\dashboard\scanning\_components\scanner-client.tsx","328","text-\[[^\]]+\]","                                    <span className=""text-[10px] text-muted-foreground"">"
"C:\tac-saas\tac-cargo\app\(dashboard)\dashboard\scanning\_components\scanner-client.tsx","331","text-\[[^\]]+\]","                                    <span className=""text-[10px] px-1.5 py-0.5 rounded bg-muted text-muted-foreground"">"
"C:\tac-saas\tac-cargo\app\(dashboard)\dashboard\settings\_components\settings-client.tsx","147","text-\[[^\]]+\]","                            <p className=""text-[10px] text-muted-foreground"">Contact admin to change email</p>"
"C:\tac-saas\tac-cargo\app\(dashboard)\dashboard\shipments\_components\shipments-table-client.tsx","212","text-\[[^\]]+\]","                        <tr className=""bg-muted text-[10px] uppercase text-muted-foreground tracking-wider"">"
"C:\tac-saas\tac-cargo\app\(dashboard)\dashboard\shipments\_components\shipments-table-client.tsx","240","text-\[[^\]]+\]","                                            <div className=""text-[10px] text-muted-foreground mt-0.5"">"
"C:\tac-saas\tac-cargo\app\(dashboard)\dashboard\shipments\_components\shipments-table-client.tsx","248","text-\[[^\]]+\]","                                            <div className=""text-[10px] text-muted-foreground"">"
"C:\tac-saas\tac-cargo\app\(dashboard)\dashboard\shipments\_components\shipments-table-client.tsx","263","text-\[[^\]]+\]","                                            <div className=""text-[10px] text-muted-foreground uppercase"">"
"C:\tac-saas\tac-cargo\app\(dashboard)\dashboard\shipments\_components\shipments-table-client.tsx","269","text-\[[^\]]+\]","                                                ""px-2 py-1 rounded-full border text-[10px] font-medium flex w-fit items-center gap-1"","
"C:\tac-saas\tac-cargo\app\(dashboard)\dashboard\shipments\_components\shipments-table-client.tsx","282","text-\[[^\]]+\]","                                                <span className=""text-[10px] text-muted-foreground"">Not assigned</span>"
"C:\tac-saas\tac-cargo\app\(dashboard)\dashboard\tracking\_components\tracking-client.tsx","285","text-\[[^\]]+\]","                                                        <div className=""text-[10px] text-muted-foreground mt-1"">"
"C:\tac-saas\tac-cargo\app\(dashboard)\dashboard\tracking\_components\tracking-client.tsx","289","text-\[[^\]]+\]","                                                    <div className=""text-[10px] text-muted-foreground mt-1"">"
"C:\tac-saas\tac-cargo\app\(dashboard)\dashboard\tracking\_components\tracking-client.tsx","327","text-\[[^\]]+\]","            <div className=""text-[10px] text-muted-foreground uppercase tracking-wider mt-1"">{label}</div>"
"C:\tac-saas\tac-cargo\app\(dashboard)\dashboard\page.tsx","106","text-white","                            <h1 className=""text-3xl font-semibold text-white tracking-tight"">"
"C:\tac-saas\tac-cargo\app\login\page.tsx","114","text-white","              <div className=""text-2xl font-bold tracking-tight text-white"">"
"C:\tac-saas\tac-cargo\app\login\page.tsx","216","text-\[[^\]]+\]","                  className=""text-muted-foreground font-mono text-[10px] tracking-widest uppercase"""
"C:\tac-saas\tac-cargo\app\login\page.tsx","240","text-\[[^\]]+\]","                    className=""text-muted-foreground font-mono text-[10px] tracking-widest uppercase"""
"C:\tac-saas\tac-cargo\app\login\page.tsx","314","text-\[[^\]]+\]","            <div className=""text-muted-foreground/60 flex items-center justify-center gap-2 font-mono text-[10px] tracking-widest uppercase"">"
"C:\tac-saas\tac-cargo\app\track\[awb]\page.tsx","124","text-white","          <h1 className=""mb-2 text-xl font-semibold text-white"">"
"C:\tac-saas\tac-cargo\app\track\[awb]\page.tsx","149","text-white","    <div className=""min-h-screen bg-zinc-950 text-white"">"
"C:\tac-saas\tac-cargo\app\track\[awb]\page.tsx","157","text-white","            className=""flex items-center gap-2 text-sm text-zinc-400 transition-colors hover:text-white"""
"C:\tac-saas\tac-cargo\app\not-found.tsx","21","bg-\[[^\]]+\]","      <div className=""absolute inset-0 -z-10 bg-[linear-gradient(to_right,rgba(255,255,255,0.02)_1px,transparent_1px),linear-gradient(to_bottom,rgba(255,255,255,0.02)_1px,transparent_1px)] [mask-image:linear-gradient(to_bottom,black_40%,transparent_100%)] bg-[size:40px_40px]"" />"
"C:\tac-saas\tac-cargo\app\not-found.tsx","33","text-\[[^\]]+\]","            <span className=""text-muted-foreground mt-[2px] font-mono text-[9px] tracking-widest uppercase"">"
"C:\tac-saas\tac-cargo\app\not-found.tsx","52","text-\[[^\]]+\]","            <span className=""text-muted-foreground block font-mono text-[10px] tracking-widest uppercase"">"
"C:\tac-saas\tac-cargo\app\not-found.tsx","101","text-\[[^\]]+\]","        <p className=""text-muted-foreground text-center font-mono text-[10px] tracking-widest uppercase"">"
"C:\tac-saas\tac-cargo\components\analytics\cost-analysis-table.tsx","16","text-white","        <h3 className=""flex items-center gap-2 text-sm font-bold tracking-wider text-white uppercase"">"
"C:\tac-saas\tac-cargo\components\analytics\cost-analysis-table.tsx","20","text-\[[^\]]+\]","        <button className=""text-primary hover:text-primary/80 bg-primary/10 border-primary/20 rounded-full border px-3 py-1 text-[10px] font-bold uppercase transition-colors"">"
"C:\tac-saas\tac-cargo\components\analytics\cost-analysis-table.tsx","27","text-\[[^\]]+\]","        <div className=""text-muted-foreground mb-1 grid grid-cols-4 border-b border-white/5 px-3 pb-2 text-[10px] font-bold tracking-widest uppercase"">"
"C:\tac-saas\tac-cargo\components\analytics\cost-analysis-table.tsx","37","bg-white","            className=""group grid cursor-pointer grid-cols-4 items-center rounded-xl border border-transparent px-3 py-3 text-sm transition-colors hover:border-white/5 hover:bg-white/5"""
"C:\tac-saas\tac-cargo\components\analytics\cost-analysis-table.tsx","41","text-white","              <span className=""font-mono text-xs text-white"">{route.id}</span>"
"C:\tac-saas\tac-cargo\components\analytics\cost-analysis-table.tsx","46","text-white","            <div className=""group-hover:text-primary text-right font-mono text-xs font-bold text-white transition-colors"">"
"C:\tac-saas\tac-cargo\components\analytics\insight-widget.tsx","8","bg-\[[^\]]+\]","      <div className=""absolute inset-0 bg-[url('https://grainy-gradients.vercel.app/noise.svg')] opacity-20 mix-blend-overlay""></div>"
"C:\tac-saas\tac-cargo\components\analytics\insight-widget.tsx","9","bg-white","      <div className=""absolute top-0 right-0 translate-x-10 -translate-y-10 transform rounded-full bg-white/20 p-32 blur-3xl""></div>"
"C:\tac-saas\tac-cargo\components\analytics\insight-widget.tsx","12","text-\[[^\]]+\]","        <div className=""mb-3 flex items-center gap-2 self-start rounded border border-white/20 bg-black/10 px-2 py-1 text-[10px] font-bold tracking-widest text-white/90 uppercase backdrop-blur-md"">"
"C:\tac-saas\tac-cargo\components\analytics\insight-widget.tsx","15","text-white","        <div className=""font-display pr-4 text-2xl leading-tight font-bold text-white"">"
"C:\tac-saas\tac-cargo\components\analytics\insight-widget.tsx","20","bg-white","      <button className=""text-primary-foreground relative z-10 w-full rounded-xl bg-white/90 py-3 text-sm font-bold shadow-lg transition-all hover:scale-[1.02] hover:bg-white hover:shadow-xl active:scale-[0.98]"">"
"C:\tac-saas\tac-cargo\components\analytics\kpi-grid.tsx","21","text-\[[^\]]+\]","          <span className=""flex items-center gap-1 rounded border border-emerald-500/20 bg-emerald-500/10 px-2 py-1 text-[10px] font-bold tracking-wider text-emerald-400 uppercase backdrop-blur-sm"">"
"C:\tac-saas\tac-cargo\components\analytics\kpi-grid.tsx","26","text-\[[^\]]+\]","          <div className=""text-muted-foreground mb-1 text-[10px] font-bold tracking-widest uppercase"">"
"C:\tac-saas\tac-cargo\components\analytics\kpi-grid.tsx","58","text-\[[^\]]+\]","          <span className=""flex items-center gap-1 rounded border border-emerald-500/20 bg-emerald-500/10 px-2 py-1 text-[10px] font-bold tracking-wider text-emerald-400 uppercase backdrop-blur-sm"">"
"C:\tac-saas\tac-cargo\components\analytics\kpi-grid.tsx","63","text-\[[^\]]+\]","          <div className=""text-muted-foreground mb-1 text-[10px] font-bold tracking-widest uppercase"">"
"C:\tac-saas\tac-cargo\components\analytics\kpi-grid.tsx","66","text-white","          <div className=""font-mono text-3xl font-bold tracking-tight text-white"">"
"C:\tac-saas\tac-cargo\components\analytics\kpi-grid.tsx","90","text-\[[^\]]+\]","          <span className=""flex items-center gap-1 rounded border border-rose-500/20 bg-rose-500/10 px-2 py-1 text-[10px] font-bold tracking-wider text-rose-500 uppercase backdrop-blur-sm"">"
"C:\tac-saas\tac-cargo\components\analytics\kpi-grid.tsx","95","text-\[[^\]]+\]","          <div className=""text-muted-foreground mb-1 text-[10px] font-bold tracking-widest uppercase"">"
"C:\tac-saas\tac-cargo\components\analytics\performance-chart.tsx","67","text-white","          <CardTitle className=""font-display text-lg tracking-tight text-white"">"
"C:\tac-saas\tac-cargo\components\analytics\performance-chart.tsx","84","text-\[[^\]]+\]","                <span className=""text-muted-foreground text-[10px] font-bold tracking-widest uppercase transition-colors group-hover:text-foreground"">"
"C:\tac-saas\tac-cargo\components\analytics\regional-performance.tsx","13","text-white","      <h3 className=""mb-6 flex items-center gap-2 text-sm font-bold tracking-wider text-white uppercase"">"
"C:\tac-saas\tac-cargo\components\analytics\regional-performance.tsx","22","text-white","              <span className=""flex items-center gap-2 font-medium text-white/80"">"
"C:\tac-saas\tac-cargo\components\analytics\regional-performance.tsx","29","bg-black","            <div className=""h-1.5 w-full overflow-hidden rounded-full border border-white/5 bg-black/20"">"
"C:\tac-saas\tac-cargo\components\analytics\top-drivers.tsx","41","text-white","        <h3 className=""flex items-center gap-2 text-sm font-bold tracking-wider text-white uppercase"">"
"C:\tac-saas\tac-cargo\components\analytics\top-drivers.tsx","56","bg-white","              ""group flex cursor-pointer items-center gap-3 rounded-xl border border-transparent p-2 transition-all hover:border-white/5 hover:bg-white/5"","
"C:\tac-saas\tac-cargo\components\analytics\top-drivers.tsx","68","text-\[[^\]]+\]","                  ""border-card absolute -right-1 -bottom-1 flex h-4 w-4 items-center justify-center rounded-full border text-[9px] font-bold shadow-lg"","
"C:\tac-saas\tac-cargo\components\analytics\top-drivers.tsx","70","text-black","                    ? ""bg-warning text-black shadow-[0_0_8px_rgba(var(--warning),0.6)]"""
"C:\tac-saas\tac-cargo\components\analytics\top-drivers.tsx","78","text-white","              <div className=""group-hover:text-primary text-xs font-bold tracking-wide text-white uppercase transition-colors"">"
"C:\tac-saas\tac-cargo\components\analytics\top-drivers.tsx","81","text-\[[^\]]+\]","              <div className=""text-muted-foreground text-[10px] transition-colors group-hover:text-white/80"">"
"C:\tac-saas\tac-cargo\components\analytics\vehicle-allocation.tsx","64","text-\[[^\]]+\]","            <div className=""text-muted-foreground text-[10px] font-bold tracking-widest uppercase"">"
"C:\tac-saas\tac-cargo\components\dashboard\charts\shipment-trends-chart.tsx","130","text-\[[^\]]+\]","          <p className=""text-muted-foreground/60 text-[10px] font-medium tracking-wide uppercase"">"
"C:\tac-saas\tac-cargo\components\dashboard\charts\shipment-trends-chart.tsx","136","text-\[[^\]]+\]","            className=""bg-muted/50 border-border/40 h-8 w-[130px] text-[10px] font-bold tracking-wide uppercase"""
"C:\tac-saas\tac-cargo\components\dashboard\route-tracker\active-shipment-card.tsx","81","text-\[[^\]]+\]","            <p className=""text-muted-foreground/50 mb-1 text-[9px] font-bold tracking-[0.25em] uppercase"">"
"C:\tac-saas\tac-cargo\components\dashboard\route-tracker\active-shipment-card.tsx","90","text-\[[^\]]+\]","              ""flex items-center gap-1.5 rounded-full border px-3 py-1.5 text-[10px] font-bold tracking-wide uppercase"","
"C:\tac-saas\tac-cargo\components\dashboard\route-tracker\active-shipment-card.tsx","109","text-\[[^\]]+\]","          <p className=""text-muted-foreground/60 mb-1 text-[9px] font-bold tracking-[0.2em] uppercase"">"
"C:\tac-saas\tac-cargo\components\dashboard\route-tracker\active-shipment-card.tsx","124","text-\[[^\]]+\]","              <p className=""text-muted-foreground/50 text-[9px] font-medium tracking-wide uppercase"">"
"C:\tac-saas\tac-cargo\components\dashboard\route-tracker\active-shipment-card.tsx","135","text-\[[^\]]+\]","              <p className=""text-muted-foreground/50 text-[9px] font-medium tracking-wide uppercase"">"
"C:\tac-saas\tac-cargo\components\dashboard\route-tracker\active-shipment-card.tsx","148","text-\[[^\]]+\]","              <p className=""text-muted-foreground/50 text-[9px] font-medium tracking-wide uppercase"">"
"C:\tac-saas\tac-cargo\components\dashboard\route-tracker\active-shipment-card.tsx","163","text-\[[^\]]+\]","              <p className=""text-muted-foreground/50 text-[9px] font-medium uppercase"">"
"C:\tac-saas\tac-cargo\components\dashboard\route-tracker\active-shipment-card.tsx","172","text-\[[^\]]+\]","              <p className=""text-muted-foreground/50 text-[9px] font-medium uppercase"">"
"C:\tac-saas\tac-cargo\components\dashboard\route-tracker\command-center-header.tsx","18","text-\[[^\]]+\]","            <span className=""text-[10px] font-medium tracking-wide text-emerald-600 uppercase dark:text-emerald-400"">"
"C:\tac-saas\tac-cargo\components\dashboard\route-tracker\route-conditions.tsx","114","text-\[[^\]]+\]","              <p className=""text-muted-foreground/50 text-[9px] font-medium tracking-wide uppercase"">"
"C:\tac-saas\tac-cargo\components\dashboard\route-tracker\route-conditions.tsx","135","text-\[[^\]]+\]","                  <p className=""text-foreground text-[11px] font-bold"">"
"C:\tac-saas\tac-cargo\components\dashboard\route-tracker\route-conditions.tsx","139","text-\[[^\]]+\]","                    <p className=""text-muted-foreground/60 truncate text-[10px]"">"
"C:\tac-saas\tac-cargo\components\dashboard\route-tracker\route-conditions.tsx","146","text-\[[^\]]+\]","                    ""flex items-center gap-1 rounded-full border px-2 py-1 text-[9px] font-bold tracking-wide uppercase"","
"C:\tac-saas\tac-cargo\components\dashboard\route-tracker\route-info-card.tsx","54","text-\[[^\]]+\]","            <p className=""text-muted-foreground/50 mt-0.5 text-[9px] font-medium tracking-widest uppercase"">"
"C:\tac-saas\tac-cargo\components\dashboard\route-tracker\route-info-card.tsx","59","text-\[[^\]]+\]","            <span className=""text-success flex items-center gap-1.5 text-[9px] font-bold tracking-wide uppercase"">"
"C:\tac-saas\tac-cargo\components\dashboard\route-tracker\route-info-card.tsx","98","text-\[[^\]]+\]","            <span className=""text-[10px] font-medium tracking-wide uppercase"">"
"C:\tac-saas\tac-cargo\components\dashboard\route-tracker\route-info-card.tsx","126","text-\[[^\]]+\]","        <p className=""text-muted-foreground/60 text-[9px] font-medium tracking-wide uppercase"">"
"C:\tac-saas\tac-cargo\components\dashboard\route-tracker\route-timeline-horizontal.tsx","21","text-\[[^\]]+\]","            <span className=""text-muted-foreground font-mono text-[10px]"">"
"C:\tac-saas\tac-cargo\components\dashboard\route-tracker\route-timeline-horizontal.tsx","32","text-\[[^\]]+\]","            <span className=""text-muted-foreground/80 font-mono text-[10px]"">"
"C:\tac-saas\tac-cargo\components\dashboard\route-tracker\route-timeline-horizontal.tsx","49","text-\[[^\]]+\]","              <span className=""ml-1 text-[10px] text-primary"">Live</span>"
"C:\tac-saas\tac-cargo\components\dashboard\route-tracker\route-timeline-horizontal.tsx","51","text-\[[^\]]+\]","            <span className=""text-muted-foreground font-mono text-[10px]"">"
"C:\tac-saas\tac-cargo\components\dashboard\route-tracker\route-timeline-horizontal.tsx","64","text-\[[^\]]+\]","            <span className=""text-muted-foreground font-mono text-[10px]"">"
"C:\tac-saas\tac-cargo\components\dashboard\route-tracker\route-timeline-horizontal.tsx","79","text-\[[^\]]+\]","            <span className=""text-muted-foreground font-mono text-[10px]"">"
"C:\tac-saas\tac-cargo\components\dashboard\route-tracker\route-timeline.tsx","90","text-\[[^\]]+\]","            <p className=""text-muted-foreground/50 text-[9px] font-medium tracking-wide uppercase"">"
"C:\tac-saas\tac-cargo\components\dashboard\route-tracker\route-timeline.tsx","96","text-\[[^\]]+\]","            <span className=""text-warning text-[9px] font-bold tracking-wide uppercase"">"
"C:\tac-saas\tac-cargo\components\dashboard\route-tracker\route-timeline.tsx","128","text-\[[^\]]+\]","                      ""text-[11px] font-bold"","
"C:\tac-saas\tac-cargo\components\dashboard\route-tracker\route-timeline.tsx","136","text-\[[^\]]+\]","                  <p className=""text-muted-foreground/60 text-[9px] font-medium"">"
"C:\tac-saas\tac-cargo\components\dashboard\route-tracker\route-timeline.tsx","140","text-\[[^\]]+\]","                    <p className=""text-success mt-0.5 text-[9px] font-bold"">"
"C:\tac-saas\tac-cargo\components\dashboard\route-tracker\route-timeline.tsx","145","text-\[[^\]]+\]","                    <p className=""text-warning mt-0.5 text-[9px] font-bold"">"
"C:\tac-saas\tac-cargo\components\dashboard\route-tracker\route-timeline.tsx","150","text-\[[^\]]+\]","                    <p className=""text-muted-foreground/50 mt-0.5 text-[9px] font-medium"">"
"C:\tac-saas\tac-cargo\components\dashboard\route-tracker\route-visualizer.tsx","45","bg-black","          <div className=""absolute top-3 left-3 z-10 flex items-center gap-2 rounded-full border border-white/10 bg-black/60 px-2.5 py-1 backdrop-blur-md"">"
"C:\tac-saas\tac-cargo\components\dashboard\route-tracker\route-visualizer.tsx","47","text-\[[^\]]+\]","            <span className=""text-[9px] font-bold tracking-wider text-white/80 uppercase"">"
"C:\tac-saas\tac-cargo\components\dashboard\route-tracker\route-visualizer.tsx","61","text-\[[^\]]+\]","              <p className=""text-muted-foreground mt-0.5 flex items-center gap-1 text-[10px]"">"
"C:\tac-saas\tac-cargo\components\dashboard\route-tracker\route-visualizer.tsx","67","text-\[[^\]]+\]","              <span className=""text-[9px] font-bold text-emerald-500 uppercase"">"
"C:\tac-saas\tac-cargo\components\dashboard\route-tracker\route-visualizer.tsx","76","text-\[[^\]]+\]","              <span className=""text-muted-foreground text-[9px] font-bold tracking-wider uppercase"">"
"C:\tac-saas\tac-cargo\components\dashboard\route-tracker\route-visualizer.tsx","79","text-\[[^\]]+\]","              <span className=""text-primary font-mono text-[10px] font-bold"">"
"C:\tac-saas\tac-cargo\components\dashboard\route-tracker\route-visualizer.tsx","103","text-\[[^\]]+\]","                <span className=""text-[8px] font-bold tracking-wider uppercase"">"
"C:\tac-saas\tac-cargo\components\dashboard\route-tracker\route-visualizer.tsx","111","text-\[[^\]]+\]","                <span className=""text-muted-foreground text-[9px]"">km</span>"
"C:\tac-saas\tac-cargo\components\dashboard\route-tracker\route-visualizer.tsx","117","text-\[[^\]]+\]","                <span className=""text-[8px] font-bold tracking-wider uppercase"">"
"C:\tac-saas\tac-cargo\components\dashboard\route-tracker\route-visualizer.tsx","130","text-\[[^\]]+\]","                <span className=""text-[8px] font-bold tracking-wider uppercase"">"
"C:\tac-saas\tac-cargo\components\dashboard\route-tracker\route-visualizer.tsx","138","text-\[[^\]]+\]","                <span className=""text-muted-foreground text-[9px]"">km/h</span>"
"C:\tac-saas\tac-cargo\components\dashboard\route-tracker\route-visualizer.tsx","144","text-\[[^\]]+\]","                <span className=""text-[8px] font-bold tracking-wider uppercase"">"
"C:\tac-saas\tac-cargo\components\dashboard\route-tracker\route-visualizer.tsx","152","text-\[[^\]]+\]","                <span className=""text-muted-foreground text-[9px]"">°C</span>"
"C:\tac-saas\tac-cargo\components\dashboard\route-tracker\route-visualizer.tsx","162","text-\[[^\]]+\]","                <span className=""text-primary text-[9px] font-bold tracking-wider uppercase"">"
"C:\tac-saas\tac-cargo\components\dashboard\route-tracker\route-visualizer.tsx","166","text-\[[^\]]+\]","              <span className=""text-muted-foreground font-mono text-[9px]"">"
"C:\tac-saas\tac-cargo\components\dashboard\route-tracker\route-visualizer.tsx","178","text-\[[^\]]+\]","                <div className=""text-muted-foreground text-[9px]"">"
"C:\tac-saas\tac-cargo\components\dashboard\route-tracker\route-visualizer.tsx","184","text-\[[^\]]+\]","                <div className=""text-[8px] font-medium text-emerald-500 uppercase"">"
"C:\tac-saas\tac-cargo\components\dashboard\route-tracker\route-visualizer.tsx","192","text-\[[^\]]+\]","          <div className=""text-muted-foreground border-border/50 mt-auto border-t pt-2 text-center font-mono text-[9px]"">"
"C:\tac-saas\tac-cargo\components\dashboard\route-tracker\telemetry-grid.tsx","126","text-\[[^\]]+\]","              <span className=""rounded border border-emerald-500/20 bg-emerald-500/10 px-2 py-1 text-[10px] font-semibold text-emerald-500"">"
"C:\tac-saas\tac-cargo\components\dashboard\route-tracker\telemetry-grid.tsx","146","text-\[[^\]]+\]","              <span className=""rounded border border-amber-500/20 bg-amber-500/10 px-2 py-1 text-[10px] font-semibold text-amber-500"">"
"C:\tac-saas\tac-cargo\components\dashboard\route-tracker\telemetry-grid.tsx","166","text-\[[^\]]+\]","              <span className=""rounded border border-red-500/20 bg-red-500/10 px-2 py-1 text-[10px] font-semibold text-red-500"">"
"C:\tac-saas\tac-cargo\components\dashboard\route-tracker\telemetry-grid.tsx","186","text-\[[^\]]+\]","              <span className=""bg-muted text-muted-foreground border-border/30 rounded border px-2 py-1 text-[10px] font-semibold"">"
"C:\tac-saas\tac-cargo\components\dashboard\route-tracker\telemetry-grid.tsx","242","#[0-9a-fA-F]{3,8}","                #899-221-00"
"C:\tac-saas\tac-cargo\components\dashboard\route-tracker\telemetry-grid.tsx","267","text-\[[^\]]+\]","              <span className=""text-[10px] font-medium text-emerald-500"">"
"C:\tac-saas\tac-cargo\components\dashboard\tracking\live-updates-feed.tsx","33","text-\[[^\]]+\]","        <span className=""rounded-full border border-emerald-500/20 bg-emerald-500/10 px-2 py-0.5 text-[10px] font-bold text-emerald-600 dark:text-emerald-400"">"
"C:\tac-saas\tac-cargo\components\dashboard\tracking\live-updates-feed.tsx","59","text-\[[^\]]+\]","              <span className=""text-muted-foreground/70 mt-1 block font-mono text-[10px]"">"
"C:\tac-saas\tac-cargo\components\dashboard\tracking\tracking-map-visualizer.tsx","14","text-\[[^\]]+\]","            <span className=""text-muted-foreground text-[10px] font-semibold tracking-wider uppercase"">"
"C:\tac-saas\tac-cargo\components\dashboard\tracking\tracking-map-visualizer.tsx","21","text-\[[^\]]+\]","            <span className=""text-muted-foreground text-[10px] font-semibold tracking-wider uppercase"">"
"C:\tac-saas\tac-cargo\components\dashboard\tracking\tracking-timeline.tsx","60","text-\[[^\]]+\]","                    <span className=""text-[10px] font-bold"">{index + 1}</span>"
"C:\tac-saas\tac-cargo\components\dashboard\tracking\tracking-timeline.tsx","74","text-\[[^\]]+\]","                  <p className=""text-muted-foreground mt-0.5 font-mono text-[10px] font-medium"">"
"C:\tac-saas\tac-cargo\components\dashboard\widgets\activity-feed.tsx","93","text-\[[^\]]+\]","            <p className=""text-muted-foreground/50 text-[9px] font-medium tracking-wide uppercase"">"
"C:\tac-saas\tac-cargo\components\dashboard\widgets\activity-feed.tsx","101","text-\[[^\]]+\]","            <span className=""text-muted-foreground text-[9px] font-bold tracking-wide uppercase"">"
"C:\tac-saas\tac-cargo\components\dashboard\widgets\activity-feed.tsx","125","text-\[[^\]]+\]","                  <p className=""text-foreground truncate text-[11px] font-bold"">"
"C:\tac-saas\tac-cargo\components\dashboard\widgets\activity-feed.tsx","128","text-\[[^\]]+\]","                  <p className=""text-muted-foreground/70 truncate text-[10px]"">"
"C:\tac-saas\tac-cargo\components\dashboard\widgets\activity-feed.tsx","132","text-\[[^\]]+\]","                <span className=""text-muted-foreground/40 shrink-0 text-[9px] font-medium tracking-wide uppercase"">"
"C:\tac-saas\tac-cargo\components\dashboard\widgets\quick-actions.tsx","66","text-\[[^\]]+\]","          <p className=""text-muted-foreground/50 text-[9px] font-medium tracking-wide uppercase"">"
"C:\tac-saas\tac-cargo\components\dashboard\widgets\quick-actions.tsx","93","text-\[[^\]]+\]","                <span className=""flex-1 text-left text-[11px] font-bold tracking-wide uppercase"">"
"C:\tac-saas\tac-cargo\components\dashboard\barcode-scanner.tsx","162","text-white","            <p className=""absolute right-0 bottom-2 left-0 bg-black/50 py-1 text-center text-xs text-white"">"
"C:\tac-saas\tac-cargo\components\dashboard\date-scroller.tsx","68","text-\[[^\]]+\]","            <span className=""text-[10px] font-medium tracking-wide uppercase opacity-80"">"
"C:\tac-saas\tac-cargo\components\dashboard\hero-banner.tsx","48","bg-\[[^\]]+\]","      <div className=""absolute inset-0 z-0 bg-[linear-gradient(rgba(255,255,255,0.03)_1px,transparent_1px),linear-gradient(90deg,rgba(255,255,255,0.03)_1px,transparent_1px)] [mask-image:radial-gradient(ellipse_at_center,black_40%,transparent_100%)] bg-[size:40px_40px]"" />"
"C:\tac-saas\tac-cargo\components\dashboard\hero-banner.tsx","54","text-\[[^\]]+\]","          <span className=""text-foreground/80 font-body text-[10px] font-bold tracking-[0.2em] uppercase"">"
"C:\tac-saas\tac-cargo\components\dashboard\kpi-gradient-card.tsx","31","text-\[[^\]]+\]","        <div className=""font-display text-foreground text-[56px] leading-none font-semibold tracking-tight"">"
"C:\tac-saas\tac-cargo\components\dashboard\live-indicator.tsx","23","text-\[[^\]]+\]","      <span className=""text-[10px] font-bold tracking-wider text-emerald-500 uppercase"">"
"C:\tac-saas\tac-cargo\components\dashboard\progress-card.tsx","78","text-white","          <div className=""scale-75 transform rounded-full border border-white/20 bg-white/10 p-3 text-white backdrop-blur-md transition-transform duration-300 group-hover:scale-100"">"
"C:\tac-saas\tac-cargo\components\dashboard\progress-card.tsx","83","text-white","        <button className=""hover:text-primary absolute top-3 right-3 z-20 flex h-8 w-8 items-center justify-center rounded-full border border-white/10 bg-white/10 text-white/70 backdrop-blur-md transition-colors hover:bg-white"">"
"C:\tac-saas\tac-cargo\components\dashboard\progress-card.tsx","92","text-\[[^\]]+\]","            ""mb-1 inline-block rounded-md border px-2.5 py-1 text-[10px] font-bold tracking-wider uppercase"","
"C:\tac-saas\tac-cargo\components\dashboard\progress-card.tsx","106","text-\[[^\]]+\]","          <div className=""text-muted-foreground flex justify-between text-[10px] font-medium tracking-wide uppercase"">"
"C:\tac-saas\tac-cargo\components\dashboard\progress-card.tsx","136","text-\[[^\]]+\]","              <p className=""text-muted-foreground text-[10px] uppercase"">"
"C:\tac-saas\tac-cargo\components\dashboard\shipping-label-preview.tsx","58","bg-white","        ""w-full max-w-[300px] bg-white font-sans text-xs text-black"","
"C:\tac-saas\tac-cargo\components\dashboard\shipping-label-preview.tsx","66","text-\[[^\]]+\]","          <div className=""text-muted-foreground text-[8px] tracking-wider uppercase"">"
"C:\tac-saas\tac-cargo\components\dashboard\shipping-label-preview.tsx","74","text-\[[^\]]+\]","          <div className=""text-[10px] font-bold uppercase"">"
"C:\tac-saas\tac-cargo\components\dashboard\shipping-label-preview.tsx","77","text-\[[^\]]+\]","          <div className=""font-mono text-[10px]"">{weight.toFixed(2)} kgs</div>"
"C:\tac-saas\tac-cargo\components\dashboard\shipping-label-preview.tsx","78","text-\[[^\]]+\]","          <div className=""bg-black px-2 py-0.5 text-[10px] font-bold text-white uppercase"">"
"C:\tac-saas\tac-cargo\components\dashboard\shipping-label-preview.tsx","89","text-\[[^\]]+\]","        <div className=""text-muted-foreground text-[8px] font-bold uppercase"">"
"C:\tac-saas\tac-cargo\components\dashboard\shipping-label-preview.tsx","95","text-\[[^\]]+\]","        <div className=""mt-1 text-[10px] leading-tight"">"
"C:\tac-saas\tac-cargo\components\dashboard\shipping-label-preview.tsx","107","text-\[[^\]]+\]","          <div className=""text-muted-foreground text-[8px] uppercase"">"
"C:\tac-saas\tac-cargo\components\dashboard\shipping-label-preview.tsx","115","text-\[[^\]]+\]","          <div className=""text-muted-foreground text-[8px] uppercase"">"
"C:\tac-saas\tac-cargo\components\dashboard\shipping-label-preview.tsx","118","text-white","          <div className=""mt-0.5 inline-block bg-black px-2 py-0.5 text-sm font-bold text-white uppercase"">"
"C:\tac-saas\tac-cargo\components\dashboard\shipping-label-preview.tsx","127","text-\[[^\]]+\]","          <div className=""text-muted-foreground text-[7px] uppercase"">"
"C:\tac-saas\tac-cargo\components\dashboard\shipping-label-preview.tsx","135","text-\[[^\]]+\]","          <div className=""text-muted-foreground text-[7px] uppercase"">"
"C:\tac-saas\tac-cargo\components\dashboard\shipping-label-preview.tsx","143","text-\[[^\]]+\]","          <div className=""text-muted-foreground text-[7px] uppercase"">"
"C:\tac-saas\tac-cargo\components\dashboard\shipping-label-preview.tsx","153","text-\[[^\]]+\]","      <div className=""flex border-b border-black text-[9px]"">"
"C:\tac-saas\tac-cargo\components\dashboard\shipping-label-preview.tsx","166","text-\[[^\]]+\]","      <div className=""flex border-b border-black text-[9px]"">"
"C:\tac-saas\tac-cargo\components\dashboard\shipping-label-preview.tsx","179","text-\[[^\]]+\]","        <div className=""text-muted-foreground text-[8px] font-bold uppercase"">"
"C:\tac-saas\tac-cargo\components\dashboard\shipping-label-preview.tsx","188","bg-white","      <div className=""flex justify-center bg-white p-3"">"
"C:\tac-saas\tac-cargo\components\dashboard\shipping-label-preview.tsx","193","text-\[[^\]]+\]","          <div className=""mt-1 font-mono text-[8px]"">{awb || ""TAC0000000""}</div>"
"C:\tac-saas\tac-cargo\components\dashboard\shipping-label-preview.tsx","198","text-\[[^\]]+\]","      <div className=""border-t border-black bg-gray-50 p-1.5 text-[8px]"">"
"C:\tac-saas\tac-cargo\components\dashboard\shipping-label-preview.tsx","209","text-\[[^\]]+\]","          <table className=""w-full text-[9px]"">"
"C:\tac-saas\tac-cargo\components\dashboard\shipping-label-preview.tsx","229","text-\[[^\]]+\]","          <div className=""text-muted-foreground text-[7px]"">DLIN</div>"
"C:\tac-saas\tac-cargo\components\dashboard\shipping-label-preview.tsx","230","text-white","          <div className=""inline-block bg-black px-1 font-mono text-sm font-bold text-white"">"
"C:\tac-saas\tac-cargo\components\dashboard\shipping-label-preview.tsx","238","text-\[[^\]]+\]","          <div className=""text-muted-foreground text-[7px]"">ROUTE</div>"
"C:\tac-saas\tac-cargo\components\dashboard\shipping-label-preview.tsx","244","text-\[[^\]]+\]","          <div className=""text-muted-foreground text-[7px]"">ZONE</div>"
"C:\tac-saas\tac-cargo\components\dashboard\stat-card.tsx","77","text-\[[^\]]+\]","            <p className=""text-muted-foreground/60 text-[10px] font-bold tracking-[0.25em] uppercase"">"
"C:\tac-saas\tac-cargo\components\dashboard\stat-card.tsx","84","text-\[[^\]]+\]","              <p className=""text-muted-foreground/50 pt-1 text-[10px] font-medium tracking-wide uppercase"">"
"C:\tac-saas\tac-cargo\components\dashboard\stat-card.tsx","116","text-\[[^\]]+\]","            <p className=""text-muted-foreground/50 truncate text-[9px] font-bold tracking-[0.2em] uppercase"">"
"C:\tac-saas\tac-cargo\components\dashboard\stat-card.tsx","123","text-\[[^\]]+\]","              <p className=""text-muted-foreground/40 truncate text-[8px] font-medium tracking-wide uppercase"">"
"C:\tac-saas\tac-cargo\components\dashboard\stat-card.tsx","131","text-\[[^\]]+\]","                ""shrink-0 text-[10px] font-bold"","
"C:\tac-saas\tac-cargo\components\dashboard\stat-card.tsx","160","text-\[[^\]]+\]","          <p className=""text-muted-foreground/60 text-[9px] font-bold tracking-[0.2em] uppercase"">"
"C:\tac-saas\tac-cargo\components\dashboard\stat-card.tsx","183","text-\[[^\]]+\]","                  ""inline-flex items-center gap-1 rounded px-1.5 py-0.5 text-[10px] font-bold"","
"C:\tac-saas\tac-cargo\components\dashboard\stat-card.tsx","196","text-\[[^\]]+\]","              <span className=""text-muted-foreground/50 text-[9px] font-medium tracking-wide uppercase"">"
"C:\tac-saas\tac-cargo\components\dashboard\stats-widget.tsx","125","text-\[[^\]]+\]","              <span className=""text-muted-foreground text-[9px] font-bold tracking-wider uppercase"">"
"C:\tac-saas\tac-cargo\components\landing\about.tsx","13","bg-\[[^\]]+\]","        <div className=""absolute top-0 left-0 h-full w-full bg-[radial-gradient(circle_at_center,_var(--gradient-mid)_0%,_transparent_70%)] opacity-10"" />"
"C:\tac-saas\tac-cargo\components\landing\about.tsx","48","bg-white","          className=""grid grid-cols-2 gap-px overflow-hidden rounded-2xl border border-white/5 bg-white/5 md:grid-cols-4"""
"C:\tac-saas\tac-cargo\components\landing\about.tsx","58","bg-white","              className=""bg-background/50 p-8 backdrop-blur-sm transition-colors hover:bg-white/5"""
"C:\tac-saas\tac-cargo\components\landing\chat-widget.tsx","100","text-\[[^\]]+\]","                    <p className=""text-muted-foreground font-mono text-[10px] tracking-wider uppercase"">"
"C:\tac-saas\tac-cargo\components\landing\chat-widget.tsx","108","bg-white","                  className=""h-8 w-8 rounded-full hover:bg-white/10"""
"C:\tac-saas\tac-cargo\components\landing\chat-widget.tsx","141","bg-white","                <div className=""border-t border-white/5 bg-white/5 p-4 backdrop-blur-md"">"
"C:\tac-saas\tac-cargo\components\landing\core-competencies.tsx","59","bg-\[[^\]]+\]","      <div className=""from-primary/5 via-background to-background absolute inset-0 bg-[radial-gradient(circle_at_top_right,_var(--tw-gradient-stops))]"" />"
"C:\tac-saas\tac-cargo\components\landing\core-competencies.tsx","168","text-white","          <span className=""text-xl font-bold tracking-widest text-white/90 uppercase drop-shadow-md"">"
"C:\tac-saas\tac-cargo\components\landing\core-competencies.tsx","182","text-white","          <div className=""mb-4 inline-flex h-12 w-12 items-center justify-center rounded-2xl border border-white/20 bg-white/10 text-white backdrop-blur-md"">"
"C:\tac-saas\tac-cargo\components\landing\core-competencies.tsx","185","text-white","          <h3 className=""mb-3 text-3xl font-bold text-white"">{item.title}</h3>"
"C:\tac-saas\tac-cargo\components\landing\core-competencies.tsx","186","text-white","          <p className=""mb-6 max-w-md text-lg leading-relaxed font-light text-white/80"">"
"C:\tac-saas\tac-cargo\components\landing\core-competencies.tsx","191","text-white","            className=""group/btn hover:text-primary inline-flex items-center gap-2 text-sm font-medium text-white transition-colors"""
"C:\tac-saas\tac-cargo\components\landing\cta.tsx","9","bg-black","    <section className=""relative overflow-hidden bg-black py-32"">"
"C:\tac-saas\tac-cargo\components\landing\cta.tsx","12","bg-\[[^\]]+\]","        <div className=""absolute inset-0 bg-[radial-gradient(circle_at_bottom,_var(--gradient-start)_0%,_transparent_70%)] opacity-20"" />"
"C:\tac-saas\tac-cargo\components\landing\cta.tsx","24","bg-white","          <div className=""inline-flex items-center gap-2 rounded-full border border-white/10 bg-white/5 px-4 py-2 backdrop-blur-md"">"
"C:\tac-saas\tac-cargo\components\landing\cta.tsx","26","text-white","            <span className=""font-mono text-xs tracking-widest text-white/70 uppercase"">"
"C:\tac-saas\tac-cargo\components\landing\cta.tsx","31","text-white","          <h2 className=""text-5xl font-bold tracking-tighter text-white md:text-7xl"">"
"C:\tac-saas\tac-cargo\components\landing\cta.tsx","38","text-white","          <p className=""mx-auto max-w-2xl text-xl leading-relaxed font-light text-white/50"">"
"C:\tac-saas\tac-cargo\components\landing\cta.tsx","49","text-white","              <span className=""bg-background relative flex w-full items-center justify-center gap-2 rounded-lg border border-white/10 px-8 py-4 leading-none font-bold tracking-wide text-white uppercase transition-colors hover:bg-white/5 sm:w-auto"">"
"C:\tac-saas\tac-cargo\components\landing\cta.tsx","62","text-white","              <span className=""flex w-full items-center justify-center gap-2 rounded-lg border border-white/10 bg-transparent px-8 py-4 leading-none font-medium tracking-wide text-white/70 uppercase transition-all hover:bg-white/5 hover:text-white sm:w-auto"">"
"C:\tac-saas\tac-cargo\components\landing\footer.tsx","39","text-\[[^\]]+\]","                        <span className=""text-muted-foreground group-hover:text-primary font-mono text-[10px] tracking-[0.25em] uppercase transition-colors"">"
"C:\tac-saas\tac-cargo\components\landing\footer.tsx","76","bg-white","                          className=""hover:bg-primary/20 hover:text-primary text-muted-foreground flex h-9 w-9 items-center justify-center rounded-lg bg-white/5 ring-1 ring-white/10 transition"""
"C:\tac-saas\tac-cargo\components\landing\footer.tsx","92","#[0-9a-fA-F]{3,8}","                      { name: ""Features"", href: ""/#features"" },"
"C:\tac-saas\tac-cargo\components\landing\hero-section.tsx","42","bg-\[[^\]]+\]","        <div className=""bg-grid-white/[0.02] dark:bg-grid-white/[0.02] bg-grid-black/[0.05] absolute inset-0 bg-[size:32px_32px]"" />"
"C:\tac-saas\tac-cargo\components\landing\hero-section.tsx","174","text-\[[^\]]+\]","                      <div className=""text-muted-foreground mt-1 text-[10px] tracking-wider uppercase"">"
"C:\tac-saas\tac-cargo\components\landing\hero-section.tsx","213","text-\[[^\]]+\]","                  <span className=""inline-flex items-center gap-1.5 rounded-sm border border-green-500/20 bg-green-500/10 px-2.5 py-1 text-[10px] font-medium text-green-500"">"
"C:\tac-saas\tac-cargo\components\landing\hero-section.tsx","217","text-\[[^\]]+\]","                  <span className=""inline-flex items-center gap-1.5 rounded-sm border border-amber-500/20 bg-amber-500/10 px-2.5 py-1 text-[10px] font-medium text-amber-500"">"
"C:\tac-saas\tac-cargo\components\landing\hero.tsx","50","text-\[[^\]]+\]","            className=""bg-primary/10 border-primary/30 text-primary inline-flex items-center gap-2 rounded-sm border px-3 py-1.5 font-mono text-[10px] tracking-[0.2em] uppercase backdrop-blur-sm"""
"C:\tac-saas\tac-cargo\components\landing\hero.tsx","72","bg-\[[^\]]+\]","            <span className=""from-primary via-accent to-secondary animate-gradient-x bg-gradient-to-r bg-[length:200%_auto] bg-clip-text text-transparent"">"
"C:\tac-saas\tac-cargo\components\landing\hero.tsx","135","text-\[[^\]]+\]","                <span className=""text-muted-foreground font-mono text-[10px] tracking-[0.2em] uppercase"">"
"C:\tac-saas\tac-cargo\components\landing\navbar.tsx","49","bg-white","          <div className=""group-hover:border-primary/50 group-hover:bg-primary/10 relative flex h-9 w-9 items-center justify-center overflow-hidden rounded-lg border border-white/10 bg-white/5 transition-colors"">"
"C:\tac-saas\tac-cargo\components\landing\navbar.tsx","56","text-\[[^\]]+\]","            <span className=""text-muted-foreground group-hover:text-primary font-mono text-[10px] tracking-[0.2em] uppercase transition-colors"">"
"C:\tac-saas\tac-cargo\components\landing\navbar.tsx","64","bg-white","          <div className=""flex items-center gap-1 rounded-full border border-white/5 bg-white/5 px-2 py-1.5 backdrop-blur-md"">"
"C:\tac-saas\tac-cargo\components\landing\navbar.tsx","69","bg-white","                className=""text-muted-foreground hover:text-foreground focus-visible:ring-primary rounded-full px-4 py-1.5 text-xs font-medium transition-all hover:bg-white/5 hover:shadow-[0_0_10px_rgba(255,255,255,0.1)] focus-visible:ring-2 focus-visible:outline-none"""
"C:\tac-saas\tac-cargo\components\landing\navbar.tsx","103","bg-white","                  className=""h-9 w-9 rounded-lg hover:bg-white/5 md:hidden"""
"C:\tac-saas\tac-cargo\components\landing\navbar.tsx","129","bg-white","                        className=""group text-muted-foreground hover:text-foreground focus-visible:ring-primary flex items-center justify-between rounded-xl p-3 text-sm font-medium transition-colors hover:bg-white/5 focus-visible:ring-2 focus-visible:outline-none focus-visible:ring-inset"""
"C:\tac-saas\tac-cargo\components\landing\navbar.tsx","137","bg-white","                  <div className=""space-y-4 border-t border-white/5 bg-white/5 p-6"">"
"C:\tac-saas\tac-cargo\components\landing\operational-logic.tsx","61","bg-\[[^\]]+\]","      <div className=""absolute inset-0 bg-[linear-gradient(to_right,#80808008_1px,transparent_1px),linear-gradient(to_bottom,#80808008_1px,transparent_1px)] bg-[size:24px_24px]"" />"
"C:\tac-saas\tac-cargo\components\landing\operational-logic.tsx","295","text-\[[^\]]+\]","          <span className=""text-muted-foreground text-[10px] font-medium tracking-wider uppercase"">"
"C:\tac-saas\tac-cargo\components\landing\operational-logic.tsx","318","text-white","              <div className=""text-xs font-medium text-white"">Assistant</div>"
"C:\tac-saas\tac-cargo\components\landing\operational-logic.tsx","319","text-\[[^\]]+\]","              <div className=""text-[10px] text-neutral-400"">Online</div>"
"C:\tac-saas\tac-cargo\components\landing\operational-logic.tsx","329","text-\[[^\]]+\]","              className=""max-w-[85%] rounded-2xl rounded-tl-none bg-neutral-800 p-3 text-[11px] text-neutral-200"""
"C:\tac-saas\tac-cargo\components\landing\operational-logic.tsx","339","text-\[[^\]]+\]","              className=""bg-primary text-primary-foreground ml-auto max-w-[85%] rounded-2xl rounded-tr-none p-3 text-[11px]"""
"C:\tac-saas\tac-cargo\components\landing\operational-logic.tsx","349","text-\[[^\]]+\]","              className=""max-w-[85%] rounded-2xl rounded-tl-none bg-neutral-800 p-3 text-[11px] text-neutral-200"""
"C:\tac-saas\tac-cargo\components\landing\operational-logic.tsx","360","text-\[[^\]]+\]","              className=""bg-primary text-primary-foreground ml-auto max-w-[85%] rounded-2xl rounded-tr-none p-3 text-[11px]"""
"C:\tac-saas\tac-cargo\components\landing\services.tsx","37","bg-\[[^\]]+\]","      <div className=""absolute inset-0 bg-[radial-gradient(#2a2a2a_1px,transparent_1px)] [background-size:16px_16px] opacity-[0.05]"" />"
"C:\tac-saas\tac-cargo\components\landing\stats-cta.tsx","10","bg-\[[^\]]+\]","      <div className=""pointer-events-none absolute inset-0 bg-[radial-gradient(ellipse_at_top,_var(--primary)_0%,_transparent_40%)] opacity-5"" />"
"C:\tac-saas\tac-cargo\components\landing\stats-cta.tsx","15","text-\[[^\]]+\]","            <h2 className=""font-playfair text-foreground text-4xl leading-[1.1] tracking-tight sm:text-5xl lg:text-[3.5rem]"">"
"C:\tac-saas\tac-cargo\components\landing\testimonials.tsx","99","bg-white","          <div className=""animate-in fade-in slide-in-from-bottom-4 inline-flex items-center gap-2 rounded-full border border-white/10 bg-white/5 px-3 py-1.5 backdrop-blur-sm delay-200 duration-700"">"
"C:\tac-saas\tac-cargo\components\landing\tracking-section.tsx","44","bg-\[[^\]]+\]","      <div className=""absolute inset-0 bg-[linear-gradient(to_right,#80808012_1px,transparent_1px),linear-gradient(to_bottom,#80808012_1px,transparent_1px)] [mask-image:radial-gradient(ellipse_60%_50%_at_50%_50%,#000_70%,transparent_100%)] bg-[size:24px_24px]"" />"
"C:\tac-saas\tac-cargo\components\landing\tracking-section.tsx","132","text-\[[^\]]+\]","              <span className=""text-muted-foreground px-1 font-mono text-[10px] tracking-widest uppercase"">"
"C:\tac-saas\tac-cargo\components\landing\tracking-section.tsx","147","text-\[[^\]]+\]","                    className=""hover:bg-primary/10 hover:text-primary hover:border-primary/50 shrink-0 cursor-pointer rounded-sm px-3 py-1.5 font-mono text-[10px] transition-all"""
"C:\tac-saas\tac-cargo\components\landing\tracking-section.tsx","171","text-\[[^\]]+\]","              <span className=""font-mono text-[10px] font-semibold tracking-widest text-emerald-500"">"
"C:\tac-saas\tac-cargo\components\layout\app-header.tsx","30","text-white","        <SidebarTrigger className=""text-muted-foreground size-10 rounded-lg transition-all hover:bg-white/10 hover:text-white [&_svg]:!size-5"" />"
"C:\tac-saas\tac-cargo\components\layout\app-header.tsx","31","bg-white","        <Separator orientation=""vertical"" className=""!h-6 bg-white/10"" />"
"C:\tac-saas\tac-cargo\components\layout\app-header.tsx","47","text-\[[^\]]+\]","                      <BreadcrumbPage className=""text-primary/90 bg-primary/10 border-primary/20 rounded border px-2 py-0.5 text-[10px] font-bold tracking-[0.15em] uppercase shadow-[0_0_10px_rgba(var(--primary),0.2)]"">"
"C:\tac-saas\tac-cargo\components\layout\app-header.tsx","53","text-\[[^\]]+\]","                        className=""text-muted-foreground text-[10px] font-medium tracking-[0.15em] uppercase transition-colors hover:text-white"""
"C:\tac-saas\tac-cargo\components\layout\app-header.tsx","78","text-white","            className=""placeholder:text-muted-foreground/50 focus:border-primary/50 focus:ring-primary/50 h-10 w-full rounded-lg border border-white/10 bg-black/20 pr-4 pl-10 font-mono text-xs tracking-wider text-white uppercase transition-all focus:ring-1 focus:outline-none"""
"C:\tac-saas\tac-cargo\components\layout\app-header.tsx","81","text-\[[^\]]+\]","            <span className=""rounded border border-white/10 bg-white/5 px-1.5 py-0.5 text-[10px]"">"
"C:\tac-saas\tac-cargo\components\layout\app-header.tsx","84","text-\[[^\]]+\]","            <span className=""rounded border border-white/10 bg-white/5 px-1.5 py-0.5 text-[10px]"">"
"C:\tac-saas\tac-cargo\components\layout\app-header.tsx","93","bg-white","        <div className=""mr-4 hidden items-center gap-4 rounded-full border border-white/5 bg-white/5 px-4 py-1.5 md:flex"">"
"C:\tac-saas\tac-cargo\components\layout\app-header.tsx","95","#[0-9a-fA-F]{3,8}","            <span className=""size-1.5 animate-pulse rounded-full bg-emerald-500 shadow-[0_0_8px_#10b981]"" />"
"C:\tac-saas\tac-cargo\components\layout\app-header.tsx","96","text-\[[^\]]+\]","            <span className=""text-[10px] font-medium tracking-wider text-emerald-500 uppercase"">"
"C:\tac-saas\tac-cargo\components\layout\app-header.tsx","100","bg-white","          <Separator orientation=""vertical"" className=""h-3 bg-white/10"" />"
"C:\tac-saas\tac-cargo\components\layout\app-header.tsx","103","text-\[[^\]]+\]","            <span className=""text-[10px] font-medium tracking-wider text-amber-500 uppercase"">"
"C:\tac-saas\tac-cargo\components\layout\app-header.tsx","112","text-white","          className=""text-muted-foreground relative size-9 rounded-lg transition-all hover:bg-white/10 hover:text-white"""
"C:\tac-saas\tac-cargo\components\layout\app-header.tsx","120","bg-white","        <Separator orientation=""vertical"" className=""mx-1 !h-6 bg-white/10"" />"
"C:\tac-saas\tac-cargo\components\layout\app-header.tsx","131","text-\[[^\]]+\]","                <AvatarFallback className=""bg-primary text-[10px] font-bold text-white"">"
"C:\tac-saas\tac-cargo\components\layout\app-sidebar.tsx","149","bg-black","      className=""glass-sidebar noise-overlay border-border/10 my-2 ml-2 h-[calc(100vh-16px)] rounded-r-3xl border-r bg-black/40 backdrop-blur-xl"""
"C:\tac-saas\tac-cargo\components\layout\app-sidebar.tsx","159","bg-white","              className=""transition-all group-data-[collapsible=icon]:justify-center hover:bg-white/5"""
"C:\tac-saas\tac-cargo\components\layout\app-sidebar.tsx","167","text-white","                  <span className=""font-heading text-base font-bold tracking-tight text-white uppercase"">"
"C:\tac-saas\tac-cargo\components\layout\app-sidebar.tsx","170","text-\[[^\]]+\]","                  <span className=""text-primary/80 text-[9px] font-bold tracking-[0.2em] uppercase"">"
"C:\tac-saas\tac-cargo\components\layout\app-sidebar.tsx","182","text-\[[^\]]+\]","          <span className=""text-muted-foreground/50 pl-2 text-[10px] font-bold tracking-widest uppercase"">"
"C:\tac-saas\tac-cargo\components\layout\app-sidebar.tsx","189","text-\[[^\]]+\]","          <span className=""text-muted-foreground/50 pl-2 text-[10px] font-bold tracking-widest uppercase"">"
"C:\tac-saas\tac-cargo\components\layout\app-sidebar.tsx","196","text-\[[^\]]+\]","          <span className=""text-muted-foreground/50 pl-2 text-[10px] font-bold tracking-widest uppercase"">"
"C:\tac-saas\tac-cargo\components\layout\app-sidebar.tsx","203","text-\[[^\]]+\]","          <span className=""text-muted-foreground/50 pl-2 text-[10px] font-bold tracking-widest uppercase"">"
"C:\tac-saas\tac-cargo\components\layout\page-layout.tsx","49","text-\[[^\]]+\]","                <span className=""bg-primary/10 text-primary border-primary/20 mb-1 rounded-md border px-2 py-0.5 text-[9px] font-bold tracking-widest uppercase"">"
"C:\tac-saas\tac-cargo\components\layout\page-layout.tsx","55","text-\[[^\]]+\]","              <p className=""text-muted-foreground/70 max-w-lg text-[11px] font-medium tracking-wide uppercase"">"
"C:\tac-saas\tac-cargo\components\shadcn-studio\blocks\chart-sales-metrics.tsx","118","text-\[[^\]]+\]","              <span className=""text-muted-foreground text-[10px] font-medium uppercase opacity-60"">"
"C:\tac-saas\tac-cargo\components\shadcn-studio\blocks\chart-sales-metrics.tsx","131","text-\[[^\]]+\]","                <span className=""text-muted-foreground/60 text-[11px] font-medium tracking-widest uppercase"">"
"C:\tac-saas\tac-cargo\components\shadcn-studio\blocks\chart-sales-metrics.tsx","147","text-\[[^\]]+\]","                    <span className=""text-muted-foreground/50 text-[9px] font-bold tracking-[0.2em] uppercase"">"
"C:\tac-saas\tac-cargo\components\shadcn-studio\blocks\chart-sales-metrics.tsx","161","text-\[[^\]]+\]","              <CardTitle className=""text-muted-foreground/70 text-[10px] font-bold tracking-[0.2em] uppercase"">"
"C:\tac-saas\tac-cargo\components\shadcn-studio\blocks\chart-sales-metrics.tsx","212","text-\[[^\]]+\]","                                className=""fill-muted-foreground/50 text-[9px] font-black tracking-widest uppercase"""
"C:\tac-saas\tac-cargo\components\shadcn-studio\blocks\chart-sales-metrics.tsx","227","text-\[[^\]]+\]","              <span className=""text-muted-foreground/60 text-[10px] font-bold tracking-widest uppercase"">"
"C:\tac-saas\tac-cargo\components\shadcn-studio\blocks\chart-sales-metrics.tsx","241","text-\[[^\]]+\]","              <span className=""text-muted-foreground/70 text-[10px] font-bold tracking-[0.2em] uppercase"">"
"C:\tac-saas\tac-cargo\components\shadcn-studio\blocks\chart-sales-metrics.tsx","247","text-\[[^\]]+\]","              <span className=""text-muted-foreground/40 text-[9px] leading-relaxed font-medium tracking-widest uppercase"">"
"C:\tac-saas\tac-cargo\components\shadcn-studio\blocks\chart-sales-metrics.tsx","257","text-\[[^\]]+\]","                  <span className=""text-muted-foreground/60 block max-w-lg text-[10px] leading-relaxed font-medium tracking-tighter uppercase"">"
"C:\tac-saas\tac-cargo\components\shadcn-studio\blocks\chart-sales-metrics.tsx","269","text-\[[^\]]+\]","                  <span className=""text-muted-foreground/80 group-hover:text-foreground text-[10px] font-bold tracking-widest uppercase transition-colors"">"
"C:\tac-saas\tac-cargo\components\shadcn-studio\blocks\chart-sales-metrics.tsx","277","text-\[[^\]]+\]","                  <span className=""text-muted-foreground/80 group-hover:text-foreground text-[10px] font-bold tracking-widest uppercase transition-colors"">"
"C:\tac-saas\tac-cargo\components\shadcn-studio\blocks\datatable-transaction.tsx","70","text-\[[^\]]+\]","            <AvatarFallback className=""bg-secondary text-[10px]"">"
"C:\tac-saas\tac-cargo\components\shadcn-studio\blocks\datatable-transaction.tsx","85","text-\[[^\]]+\]","          <span className=""text-muted-foreground text-[10px] tracking-widest uppercase opacity-60"">"
"C:\tac-saas\tac-cargo\components\shadcn-studio\blocks\datatable-transaction.tsx","123","text-\[[^\]]+\]","            ""rounded border-none px-2 py-0.5 text-[10px] font-bold tracking-wider uppercase shadow-none"","
"C:\tac-saas\tac-cargo\components\shadcn-studio\blocks\datatable-transaction.tsx","135","text-\[[^\]]+\]","      <span className=""text-[10px] tracking-widest uppercase"">Gateway</span>"
"C:\tac-saas\tac-cargo\components\shadcn-studio\blocks\datatable-transaction.tsx","148","text-\[[^\]]+\]","        <span className=""text-muted-foreground text-[10px] font-medium uppercase"">"
"C:\tac-saas\tac-cargo\components\shadcn-studio\blocks\datatable-transaction.tsx","204","text-\[[^\]]+\]","                    className=""text-muted-foreground/70 h-10 py-0 text-[10px] font-bold tracking-[0.2em] uppercase"""
"C:\tac-saas\tac-cargo\components\shadcn-studio\blocks\datatable-transaction.tsx","253","text-\[[^\]]+\]","          className=""text-muted-foreground/50 text-[10px] font-bold tracking-widest uppercase"""
"C:\tac-saas\tac-cargo\components\shadcn-studio\blocks\datatable-transaction.tsx","282","text-\[[^\]]+\]","                className=""hover:bg-primary/10 hover:text-primary h-7 border-none text-[10px] font-bold uppercase transition-all"""
"C:\tac-saas\tac-cargo\components\shadcn-studio\blocks\datatable-transaction.tsx","301","text-\[[^\]]+\]","                      ""size-7 border-none text-[10px] font-bold transition-all"","
"C:\tac-saas\tac-cargo\components\shadcn-studio\blocks\datatable-transaction.tsx","317","text-\[[^\]]+\]","                className=""hover:bg-primary/10 hover:text-primary h-7 border-none text-[10px] font-bold uppercase transition-all"""
"C:\tac-saas\tac-cargo\components\shadcn-studio\blocks\widget-product-insights.tsx","29","text-\[[^\]]+\]","            <span className=""text-muted-foreground text-[10px] font-medium tracking-tighter uppercase opacity-70"">"
"C:\tac-saas\tac-cargo\components\shadcn-studio\blocks\widget-product-insights.tsx","39","text-\[[^\]]+\]","            <span className=""text-muted-foreground/60 text-[10px] font-bold tracking-[0.2em] uppercase"">"
"C:\tac-saas\tac-cargo\components\shadcn-studio\blocks\widget-product-insights.tsx","52","text-\[[^\]]+\]","          <span className=""text-muted-foreground/60 text-[10px] font-bold tracking-[0.2em] uppercase"">"
"C:\tac-saas\tac-cargo\components\shadcn-studio\blocks\widget-product-insights.tsx","57","text-\[[^\]]+\]","            <span className=""text-muted-foreground/40 ml-1 text-[10px] font-medium tracking-normal uppercase"">"
"C:\tac-saas\tac-cargo\components\shadcn-studio\blocks\widget-product-insights.tsx","65","text-\[[^\]]+\]","            <span className=""text-muted-foreground/60 text-[10px] font-bold tracking-[0.2em] uppercase"">"
"C:\tac-saas\tac-cargo\components\shadcn-studio\blocks\widget-product-insights.tsx","87","text-\[[^\]]+\]","          className=""hover:bg-primary/10 border-border/40 h-9 w-full text-[10px] font-bold tracking-widest uppercase transition-all"""
"C:\tac-saas\tac-cargo\components\shadcn-studio\blocks\widget-total-earning.tsx","61","text-\[[^\]]+\]","          <span className=""text-muted-foreground text-[10px] font-medium tracking-widest uppercase opacity-60"">"
"C:\tac-saas\tac-cargo\components\shadcn-studio\blocks\widget-total-earning.tsx","84","text-\[[^\]]+\]","                  className=""focus:bg-primary/10 text-[10px] font-bold tracking-widest uppercase transition-colors"""
"C:\tac-saas\tac-cargo\components\shadcn-studio\blocks\widget-total-earning.tsx","101","text-\[[^\]]+\]","                ""flex items-center gap-1 rounded border border-white/10 px-2 py-0.5 text-[10px] font-black"","
"C:\tac-saas\tac-cargo\components\shadcn-studio\blocks\widget-total-earning.tsx","115","text-\[[^\]]+\]","          <span className=""text-muted-foreground/60 text-[10px] font-bold tracking-widest uppercase"">"
"C:\tac-saas\tac-cargo\components\shadcn-studio\blocks\widget-total-earning.tsx","144","text-\[[^\]]+\]","                  <span className=""text-muted-foreground/50 text-[9px] font-bold tracking-[0.15em] uppercase"">"
"C:\tac-saas\tac-cargo\components\shipments\live-map-widget.tsx","9","bg-black","      <div className=""absolute top-4 left-4 z-10 flex items-center gap-2 rounded-full border border-white/10 bg-black/40 px-3 py-1.5 backdrop-blur-md"">"
"C:\tac-saas\tac-cargo\components\shipments\live-map-widget.tsx","14","text-\[[^\]]+\]","        <span className=""font-mono text-[10px] font-bold tracking-widest text-white uppercase"">"
"C:\tac-saas\tac-cargo\components\shipments\live-map-widget.tsx","36","text-\[[^\]]+\]","              <div className=""text-muted-foreground text-[10px] font-bold tracking-widest uppercase"">"
"C:\tac-saas\tac-cargo\components\shipments\recent-updates.tsx","22","#[0-9a-fA-F]{3,8}","                #2890"
"C:\tac-saas\tac-cargo\components\shipments\recent-updates.tsx","26","text-\[[^\]]+\]","            <div className=""text-muted-foreground mt-1 font-mono text-[10px]"">"
"C:\tac-saas\tac-cargo\components\shipments\recent-updates.tsx","38","#[0-9a-fA-F]{3,8}","              <span className=""text-warning font-mono font-bold"">#3001</span>"
"C:\tac-saas\tac-cargo\components\shipments\recent-updates.tsx","40","text-\[[^\]]+\]","            <div className=""text-muted-foreground mt-1 font-mono text-[10px]"">"
"C:\tac-saas\tac-cargo\components\shipments\recent-updates.tsx","54","text-\[[^\]]+\]","            <div className=""text-muted-foreground mt-1 font-mono text-[10px]"">"
"C:\tac-saas\tac-cargo\components\shipments\recent-updates.tsx","65","text-\[[^\]]+\]","            <div className=""text-muted-foreground mt-1 font-mono text-[10px]"">"
"C:\tac-saas\tac-cargo\components\shipments\shipment-list.tsx","148","text-\[[^\]]+\]","                  <div className=""text-muted-foreground flex items-center gap-2 text-[10px]"">"
"C:\tac-saas\tac-cargo\components\shipments\shipment-list.tsx","190","text-\[[^\]]+\]","                    <div className=""text-muted-foreground text-[10px] tracking-wide uppercase"">"
"C:\tac-saas\tac-cargo\components\shipments\shipment-list.tsx","247","text-\[[^\]]+\]","                <div className=""text-muted-foreground text-[10px] font-medium uppercase"">"
"C:\tac-saas\tac-cargo\components\shipments\shipment-stats.tsx","11","text-white","          <div className=""font-mono text-3xl font-bold tracking-tight text-white"">"
"C:\tac-saas\tac-cargo\components\shipments\shipment-stats.tsx","14","text-\[[^\]]+\]","          <div className=""text-muted-foreground text-[9px] font-bold tracking-wider uppercase"">"
"C:\tac-saas\tac-cargo\components\shipments\shipment-stats.tsx","22","text-white","          <div className=""font-mono text-3xl font-bold tracking-tight text-white"">"
"C:\tac-saas\tac-cargo\components\shipments\shipment-stats.tsx","25","text-\[[^\]]+\]","          <div className=""text-muted-foreground text-[9px] font-bold tracking-wider uppercase"">"
"C:\tac-saas\tac-cargo\components\shipments\shipment-toolbar.tsx","12","text-\[[^\]]+\]","          <span className=""bg-primary/20 rounded px-1.5 py-0.5 text-[9px] text-white"">"
"C:\tac-saas\tac-cargo\components\shipments\shipment-toolbar.tsx","18","text-\[[^\]]+\]","          <span className=""text-foreground-secondary rounded border border-border bg-background/30 px-1.5 py-0.5 text-[9px]"">"
"C:\tac-saas\tac-cargo\components\shipments\shipment-toolbar.tsx","35","text-black","        <button className=""bg-primary hover:bg-primary/90 border-primary flex items-center gap-2 rounded-xl border px-6 py-2.5 text-xs font-bold tracking-wider text-black uppercase shadow-[0_0_20px_rgba(var(--primary),0.3)] transition-all hover:scale-105 active:scale-95"">"
"C:\tac-saas\tac-cargo\components\tracking\tracking-timeline.tsx","87","text-\[[^\]]+\]","                    <div className=""text-muted-foreground bg-muted/30 border-border/50 w-fit rounded-md border px-2 py-0.5 font-mono text-[10px] sm:text-xs"">"
"C:\tac-saas\tac-cargo\components\ui\alert-dialog.tsx","21","bg-black","      ""data-[state=open]:animate-in data-[state=closed]:animate-out data-[state=closed]:fade-out-0 data-[state=open]:fade-in-0 fixed inset-0 z-50 bg-black/80"","
"C:\tac-saas\tac-cargo\components\ui\badge.tsx","8","text-\[[^\]]+\]","  ""h-5 gap-1.5 rounded-sm border border-transparent px-2.5 py-0.5 text-[0.625rem] font-semibold tracking-wide transition-all duration-200 has-data-[icon=inline-end]:pr-1.5 has-data-[icon=inline-start]:pl-1.5 [&>svg]:size-2.5! inline-flex items-center justify-center w-fit whitespace-nowrap shrink-0 [&>svg]:pointer-events-none focus-visible:border-ring focus-visible:ring-ring/50 focus-visible:ring-[3px] aria-invalid:ring-destructive/20 dark:aria-invalid:ring-destructive/40 aria-invalid:border-destructive overflow-hidden group/badge"","
"C:\tac-saas\tac-cargo\components\ui\bento-grid-01.tsx","20","text-white","                className=""font-serif text-6xl md:text-8xl text-white font-medium"""
"C:\tac-saas\tac-cargo\components\ui\bento-grid-01.tsx","52","bg-white","                        className=""bg-white/20 rounded-md h-5 w-full"""
"C:\tac-saas\tac-cargo\components\ui\bento-grid-01.tsx","77","bg-white","                            className=""h-8 w-24 bg-white/10 rounded"""
"C:\tac-saas\tac-cargo\components\ui\bento-grid-01.tsx","88","text-white","                            className=""text-3xl md:text-4xl font-sans font-medium text-white"""
"C:\tac-saas\tac-cargo\components\ui\bento-grid-01.tsx","96","bg-white","            <div className=""w-full max-w-[120px] h-1.5 bg-white/10 rounded-full overflow-hidden"">"
"C:\tac-saas\tac-cargo\components\ui\bento-grid-01.tsx","98","bg-white","                    className=""h-full bg-white rounded-full"""
"C:\tac-saas\tac-cargo\components\ui\bento-grid-01.tsx","133","bg-white","                    className={`w-12 h-12 rounded-lg flex items-center justify-center ${shield.active ? 'bg-white/20' : 'bg-white/5'"
"C:\tac-saas\tac-cargo\components\ui\bento-grid-01.tsx","138","text-white","                    <Lock className={`w-5 h-5 ${shield.active ? 'text-white' : 'text-gray-600'}`} />"
"C:\tac-saas\tac-cargo\components\ui\bento-grid-01.tsx","150","text-white","            <Globe className=""w-16 h-16 text-white/80 z-10"" />"
"C:\tac-saas\tac-cargo\components\ui\bento-grid-01.tsx","197","text-white","                            <h3 className=""font-serif text-xl text-white font-medium"">Typography</h3>"
"C:\tac-saas\tac-cargo\components\ui\bento-grid-01.tsx","215","text-white","                            <h3 className=""font-serif text-xl text-white font-medium"">Layouts</h3>"
"C:\tac-saas\tac-cargo\components\ui\bento-grid-01.tsx","235","text-white","                            <h3 className=""font-serif text-xl text-white flex items-center gap-2 font-medium"">"
"C:\tac-saas\tac-cargo\components\ui\bento-grid-01.tsx","256","text-white","                            <h3 className=""font-serif text-xl text-white font-medium"">Speed</h3>"
"C:\tac-saas\tac-cargo\components\ui\bento-grid-01.tsx","274","text-white","                            <h3 className=""font-serif text-xl text-white flex items-center gap-2 font-medium"">"
"C:\tac-saas\tac-cargo\components\ui\bento-grid-01.tsx","292","text-white","                            <Smartphone className=""w-16 h-16 text-white"" />"
"C:\tac-saas\tac-cargo\components\ui\bento-grid-01.tsx","295","text-white","                            <h3 className=""font-serif text-xl text-white font-medium"">Mobile Ready</h3>"
"C:\tac-saas\tac-cargo\components\ui\button.tsx","27","text-\[[^\]]+\]","        xs: ""h-5 gap-1 rounded-sm px-2 text-[0.625rem] has-data-[icon=inline-end]:pr-1.5 has-data-[icon=inline-start]:pl-1.5 [&_svg:not([class*='size-'])]:size-2.5"","
"C:\tac-saas\tac-cargo\components\ui\chart.tsx","58","#[0-9a-fA-F]{3,8}","          ""[&_.recharts-cartesian-axis-tick_text]:fill-muted-foreground [&_.recharts-cartesian-grid_line[stroke='#ccc']]:stroke-border/50 [&_.recharts-curve.recharts-tooltip-cursor]:stroke-border [&_.recharts-polar-grid_[stroke='#ccc']]:stroke-border [&_.recharts-radial-bar-background-sector]:fill-muted [&_.recharts-rectangle.recharts-tooltip-cursor]:fill-muted [&_.recharts-reference-line_[stroke='#ccc']]:stroke-border flex aspect-video justify-center text-xs [&_.recharts-dot[stroke='#fff']]:stroke-transparent [&_.recharts-layer]:outline-hidden [&_.recharts-sector]:outline-hidden [&_.recharts-sector[stroke='#fff']]:stroke-transparent [&_.recharts-surface]:outline-hidden"","
"C:\tac-saas\tac-cargo\components\ui\chart.tsx","221","border-\[[^\]]+\]","                              ""w-0 border-[1.5px] border-dashed bg-transparent"":"
"C:\tac-saas\tac-cargo\components\ui\code-editor-sheet.tsx","200","bg-black","                className=""data-[state=open]:animate-in data-[state=closed]:animate-out data-[state=closed]:fade-out-0 data-[state=open]:fade-in-0 fixed inset-0 z-50 bg-black/50"""
"C:\tac-saas\tac-cargo\components\ui\dialog.tsx","42","bg-black","        ""data-open:animate-in data-closed:animate-out data-closed:fade-out-0 data-open:fade-in-0 fixed inset-0 isolate z-50 bg-black/80 duration-100 supports-backdrop-filter:backdrop-blur-xs"","
"C:\tac-saas\tac-cargo\components\ui\dropdown-menu.tsx","195","text-\[[^\]]+\]","        ""text-muted-foreground group-focus/dropdown-menu-item:text-accent-foreground ml-auto text-[0.625rem] tracking-widest"","
"C:\tac-saas\tac-cargo\components\ui\radial-orbital-timeline.tsx","275","text-\[[^\]]+\]","                            ""h-5 px-2 text-[10px]"","
"C:\tac-saas\tac-cargo\components\ui\radial-orbital-timeline.tsx","285","text-\[[^\]]+\]","                        <span className=""text-muted-foreground font-mono text-[10px]"">"
"C:\tac-saas\tac-cargo\components\ui\radial-orbital-timeline.tsx","297","text-\[[^\]]+\]","                        <div className=""text-muted-foreground/60 mb-1 flex items-center justify-between text-[10px] tracking-widest uppercase"">"
"C:\tac-saas\tac-cargo\components\ui\radial-orbital-timeline.tsx","321","text-\[[^\]]+\]","                            <h4 className=""text-muted-foreground/60 text-[10px] font-medium tracking-wider uppercase"">"
"C:\tac-saas\tac-cargo\components\ui\radial-orbital-timeline.tsx","335","text-\[[^\]]+\]","                                  className=""border-border hover:bg-muted hover:text-foreground h-6 border px-2 text-[10px]"""
"C:\tac-saas\tac-cargo\components\ui\rive-map.tsx","45","text-\[[^\]]+\]","            <span className=""text-muted-foreground text-[10px] font-bold tracking-widest uppercase"">"
"C:\tac-saas\tac-cargo\components\ui\sheet.tsx","41","bg-black","        ""data-open:animate-in data-closed:animate-out data-closed:fade-out-0 data-open:fade-in-0 fixed inset-0 z-50 bg-black/80 duration-100 data-ending-style:opacity-0 data-starting-style:opacity-0 supports-backdrop-filter:backdrop-blur-xs"","
"C:\tac-saas\tac-cargo\components\ui\table.tsx","73","text-\[[^\]]+\]","        ""text-muted-foreground/80 bg-muted/30 h-10 px-3 text-left align-middle text-[10px] font-semibold tracking-[0.15em] whitespace-nowrap uppercase first:rounded-tl-md last:rounded-tr-md [&:has([role=checkbox])]:pr-0"","
"C:\tac-saas\tac-cargo\components\ui\tracker-card.tsx","28","bg-\[[^\]]+\]","        ""bg-[hsl(var(--muted)/0.3)]"","
"C:\tac-saas\tac-cargo\components\ui\tracker-card.tsx","29","bg-\[[^\]]+\]","        ""bg-[size:80px_80px]"","
"C:\tac-saas\tac-cargo\components\ui\tracker-card.tsx","132","#[0-9a-fA-F]{3,8}","                bgColor=""#ffffff"""
"C:\tac-saas\tac-cargo\components\ui\tracker-card.tsx","133","#[0-9a-fA-F]{3,8}","                fgColor=""#000000"""
"C:\tac-saas\tac-cargo\components\nav-main.tsx","54","text-\[[^\]]+\]","        <SidebarGroupLabel className=""text-muted-foreground/50 mb-2 text-[10px] font-bold tracking-[0.15em] uppercase"">"
"C:\tac-saas\tac-cargo\components\nav-main.tsx","70","text-\[[^\]]+\]","      <SidebarGroupLabel className=""text-muted-foreground/50 mb-2 text-[10px] font-bold tracking-[0.15em] uppercase"">"
"C:\tac-saas\tac-cargo\components\nav-main.tsx","135","text-\[[^\]]+\]","                                ""h-8 text-[11px] transition-colors"","
"C:\tac-saas\tac-cargo\components\nav-secondary.tsx","51","text-\[[^\]]+\]","                        ""text-[11px] font-medium tracking-tight"","
"C:\tac-saas\tac-cargo\components\nav-user.tsx","91","text-\[[^\]]+\]","                  <AvatarFallback className=""bg-secondary rounded-md text-[10px]"">"
"C:\tac-saas\tac-cargo\components\nav-user.tsx","101","text-\[[^\]]+\]","                <span className=""text-muted-foreground/60 truncate text-[10px] font-medium tracking-tighter uppercase"">"
"C:\tac-saas\tac-cargo\components\nav-user.tsx","118","text-\[[^\]]+\]","                  <AvatarFallback className=""bg-secondary rounded-md text-[10px]"">"
"C:\tac-saas\tac-cargo\components\nav-user.tsx","126","text-\[[^\]]+\]","                  <span className=""text-muted-foreground/60 truncate text-[10px] font-medium tracking-tighter uppercase"">"
"C:\tac-saas\tac-cargo\components\nav-user.tsx","134","text-\[[^\]]+\]","              <DropdownMenuItem className=""focus:bg-primary/10 focus:text-primary cursor-pointer px-3 py-2 text-[11px] font-bold tracking-widest uppercase transition-colors"">"
"C:\tac-saas\tac-cargo\components\nav-user.tsx","141","text-\[[^\]]+\]","              <DropdownMenuItem className=""focus:bg-primary/10 cursor-pointer px-3 py-2 text-[11px] font-bold tracking-widest uppercase transition-colors"">"
"C:\tac-saas\tac-cargo\components\nav-user.tsx","145","text-\[[^\]]+\]","              <DropdownMenuItem className=""focus:bg-primary/10 cursor-pointer px-3 py-2 text-[11px] font-bold tracking-widest uppercase transition-colors"">"
"C:\tac-saas\tac-cargo\components\nav-user.tsx","149","text-\[[^\]]+\]","              <DropdownMenuItem className=""focus:bg-primary/10 cursor-pointer px-3 py-2 text-[11px] font-bold tracking-widest uppercase transition-colors"">"
"C:\tac-saas\tac-cargo\components\nav-user.tsx","158","text-\[[^\]]+\]","                className=""text-destructive focus:bg-destructive/10 focus:text-destructive cursor-pointer px-3 py-2 text-[11px] font-bold tracking-widest uppercase transition-colors"""
